Track,Event,Laps,Time,Make,Model,Year Min,Year Max,PP Min,PP Max,PP OPT,Tyres,Dirt,Country 1,Country 2,Country 3,Country 4,Country 5,Country 6,Country 7,Drivetrain,Aspiration,Price Min,Price Max,Power Min,Power Max,Weight Min,Weight Max,Length Min,Length Max,Width Min,Width Max,Height Min,Height Max,Engine Make,Displacement Min,Displacement Max,Engine Type,Group,Car Type 1,Car Type 2,Car Type 3,#Hyper,#VGT,#Concept,#Safety,#Kei,#Electric,#Hybrid,#GTAward,#GT300,#GT500,#Le Mans,#N24,#WRC,#Kart,#Pikes Peak,#Midship,#Pickup,#GTTrophy,Special,Body Type
24 Heures du Mans Racing Circuit,Hypercar Parade,3,,,,,,,,,,,,,,,,,,,,,,,,,,,,,,,,,,,,,Road Car,,,,,,,,,,,,,,,,,,,,,,
24 Heures du Mans Racing Circuit,Quick Race vs. Sophy,3,,,,,,,,,,,,,,,,,,,,,,,,,,,,,,,,,,,,,,,,,,,,,,,,,,,,,,,,,,,
24 Heures du Mans Racing Circuit,World Touring Car 700,,30,,,,,,700,,R,,,,,,,,,,,,,,,,,,,,,,,,,,,,,,,,,,,,,,,,,,,,,,,,,,
24 Heures du Mans Racing Circuit,World Touring Car 800,5,,,,,,,800,,R,,,,,,,,,,,,,,,,,,,,,,,,,,,,,,,,,,,,,,,,,,,,,,,,,,
24 Heures du Mans Racing Circuit,World Touring Car 900,10,,,,,,,900,,,,,,,,,,,,,,,,,,,,,,,,,,,,,,,,,,,,,,,,,,,,,,,,,,,,
Alsace,European Clubman Cup 600,3,,,,,,,,600,,,UK,Germany,France,Italy,Austria,,,,,,,,,,,,,,,,,,,,,,Road Car,,,,,,,,,,,,,,,,,,,,,,
Alsace,European Sunday Cup 400,3,,,,,,,,400,,,UK,Germany,France,Italy,Austria,,,,,,,,,,,,,,,,,,,,,,Road Car,,,,,,,,,,,,,,,,,,,,,,
Alsace,World Rally Challenge,3,,,,,,,700,,R,,,,,,,,,,,,,,,,,,,,,,,,,,,,,,,,,,,,,,,,,,,,,,,,,,
Autodrome Lago Maggiore,Ferrari Circuit Challenge,5,,Ferrari,,,,,700,,,,,,,,,,,,,,,,,,,,,,,,,,,,,,,,,,,,,,,,,,,,,,,,,,,,
Autodrome Lago Maggiore,GT Cup Gr.3,5,,,,,,,,,R,,,,,,,,,,,,,,,,,,,,,,,,,,,Gr.3,Racing Car,,,,,,,,,,,,,,,,,,,,,,
Autodrome Lago Maggiore,Lightweight K-Cup,7,,,,,,,400,,CS,,,,,,,,,,,,,,,,,,,,,,,,,,,,,,,,,,,Y,,,,,,,,,,,,,,,
Autodrome Lago Maggiore,Porsche Cup,5,,Porsche,,,,,650,,,,,,,,,,,,,,,,,,,,,,,,,,,,,,,,,,,,,,,,,,,,,,,,,,,,
Autodrome Lago Maggiore,Sunday Cup,2,,,,,,,,380,,,,,,,,,,,,,,,,,,,,,,,,,,,,,Road Car,,,,,,,,,,,,,,,,,,,,,,
Autodrome Lago Maggiore,Sunday Cup Classic,2,,,,,,,,350,,,,,,,,,,,,,,,,,,,,,,,,,,,,,Road Car,,,,,,,,,,,,,,,,,,,,,,
Autodrome Lago Maggiore,World Touring Car 800,10,,,,,,,800,,R,,,,,,,,,,,,,,,,,,,,,,,,,,,,,,,,,,,,,,,,,,,,,,,,,,
Autodrome Lago Maggiore,X2019 Nations Cup,14,,,,,,,,,R,,,,,,,,,,,,,,,,,,,,,,,,,,,,,,,,,,,,,,,,,,,,,,,,,X2019,
Autodromo de Interlagos,Hypercar Parade,7,,,,,,,,,,,,,,,,,,,,,,,,,,,,,,,,,,,,,Road Car,,,,,,,,,,,,,,,,,,,,,,
Autodromo de Interlagos,Vision Gran Turismo Trophy,7,,,,,,,850,,,,,,,,,,,,,,,,,,,,,,,,,,,,,,,,,,Y,,,,,,,,,,,,,,,,,,
Autodromo de Interlagos,X2019 Nations Cup,12,,,,,,,,,R,,,,,,,,,,,,,,,,,,,,,,,,,,,,,,,,,,,,,,,,,,,,,,,,,X2019,
Autodromo de Interlagos,X2019 Nations Cup,12,,,,,,,,,R,,,,,,,,,,,,,,,,,,,,,,,,,,,,,,,,,,,,,,,,,,,,,,,,,X2019,
Autodromo de Interlagos,X2019 Nations Cup,12,,,,,,,,,R,,,,,,,,,,,,,,,,,,,,,,,,,,,,,,,,,,,,,,,,,,,,,,,,,X2019,
Autódromo de Interlagos,Race of Turbo Sportscars,5,,,,,,,700,,,,,,,,,,,,T,,,,,,,,,,,,,,,,,,,,,,,,,,,,,,,,,,,,,,,,
Autodromo Nazionale Monza,Clubman Cup Plus,5,,,,,,,700,,R,,,,,,,,,,,,,,,,,,,,,,,,,,,,,,,,,,,,,,,,,,,,,,,,,,
Autodromo Nazionale Monza,Hypercar Parade,5,,,,,,,,,,,,,,,,,,,,,,,,,,,,,,,,,,,,,Road Car,,,,,,,,,,,,,,,,,,,,,,
Autodromo Nazionale Monza,Sunday Cup Classic,2,,,,,,,,350,,,,,,,,,,,,,,,,,,,,,,,,,,,,,Road Car,,,,,,,,,,,,,,,,,,,,,,
Autodromo Nazionale Monza,Vision Gran Turismo Trophy,5,,,,,,,850,,,,,,,,,,,,,,,,,,,,,,,,,,,,,,,,,,Y,,,,,,,,,,,,,,,,,,
Autodromo Nazionale Monza,World Touring Car 800,10,,,,,,,800,,R,,,,,,,,,,,,,,,,,,,,,,,,,,,,,,,,,,,,,,,,,,,,,,,,,,
Autopolis,Japanese Clubman Cup 550,3,,,,,,,,550,,,Japan,,,,,,,,,,,,,,,,,,,,,,,,,,Road Car,Professionally Tuned,,,,,,,,,,,,,,,,,,,,,
Autopolis,Japanese FR Challenge 450,2,,,,,,,,450,,,Japan,,,,,,,FR,,,,,,,,,,,,,,,,,,,Road Car,,,,,,,,,,,,,,,,,,,,,,
Autopolis,Super Formula,15,,Super Formula,,,,,,,R,,,,,,,,,,,,,,,,,,,,,,,,,,,,,,,,,,,,,,,,,,,,,,,,,,
Autopolis,World Touring Car 700,10,,,,,,,700,,R,,,,,,,,,,,,,,,,,,,,,,,,,,,,,,,,,,,,,,,,,,,,,,,,,,
Autopolis,World Touring Car 800,10,,,,,,,800,,R,,,,,,,,,,,,,,,,,,,,,,,,,,,,,,,,,,,,,,,,,,,,,,,,,,
Autopolis,World Touring Car 900,10,,,,,,,900,,,,,,,,,,,,,,,,,,,,,,,,,,,,,,,,,,,,,,,,,,,,,,,,,,,,
Blue Moon Bay Speedway,American FR Challenge 550,3,,,,,,,,550,,,USA,,,,,,,FR,,,,,,,,,,,,,,,,,,,Road Car,,,,,,,,,,,,,,,,,,,,,,
Blue Moon Bay Speedway,American Sunday Cup 600,3,,,,,,,,600,,,USA,,,,,,,,,,,,,,,,,,,,,,,,,,Road Car,,,,,,,,,,,,,,,,,,,,,,
Blue Moon Bay Speedway,Nissan GT-R Cup,5,,,,,,100,630,,S,,,,,,,,,,,,,,,,,,,,,,,,,,,,,,,,,,,,,,,,,,,,,,,,,GT-R,
Blue Moon Bay Speedway,European Clubman Cup 600,4,,,,,,,,600,,,UK,Germany,France,Italy,Austria,,,,,,,,,,,,,,,,,,,,,,Road Car,,,,,,,,,,,,,,,,,,,,,,
Brands Hatch,European Clubman Cup 600,3,,,,,,,,600,,,UK,Germany,France,Italy,Austria,,,,,,,,,,,,,,,,,,,,,,Road Car,,,,,,,,,,,,,,,,,,,,,,
Brands Hatch,European FR Challenge 550,3,,,,,,,,550,,,UK,Germany,France,Italy,Austria,,,FR,,,,,,,,,,,,,,,,,,,Road Car,,,,,,,,,,,,,,,,,,,,,,
Brands Hatch,European Sunday Cup 400,3,,,,,,,,400,,,UK,Germany,France,Italy,Austria,,,,,,,,,,,,,,,,,,,,,,Road Car,,,,,,,,,,,,,,,,,,,,,,
Brands Hatch,European Sunday Cup 500,2,,,,,,,,500,,,UK,Germany,France,Italy,Austria,,,,,,,,,,,,,,,,,,,,,,Road Car,,,,,,,,,,,,,,,,,,,,,,
Brands Hatch,GT Cup Gr.4,5,,,,,,,,,R,,,,,,,,,,,,,,,,,,,,,,,,,,,Gr.4,,,,,,,,,,,,,,,,,,,,,,,
Brands Hatch,Sunday Cup Classic,2,,,,,,,,350,,,,,,,,,,,,,,,,,,,,,,,,,,,,,Road Car,,,,,,,,,,,,,,,,,,,,,,
Brands Hatch,World Touring Car 700,10,,,,,,,700,,R,,,,,,,,,,,,,,,,,,,,,,,,,,,,,,,,,,,,,,,,,,,,,,,,,,
Broad Bean Raceway,Sunday Cup,2,,,,,,,,380,,,,,,,,,,,,,,,,,,,,,,,,,,,,,Road Car,,,,,,,,,,,,,,,,,,,,,,
Championship,Asia-Oceania Championship,,,,,,,,,600,,,Japan,Korea,,,,,,,,,,,,,,,,,,,,,,,,,Road Car,,,,,,,,,,,,,,,,,,,,,,
Championship,European Championship,,,,,,,,,600,,,UK,Germany,France,Italy,Austria,,,,,,,,,,,,,,,,,,,,,,Road Car,,,,,,,,,,,,,,,,,,,,,,
Championship,High Speed Ring Track Day,,,,,,,,,400,,,,,,,,,,,,,,,,,,,,,,,,,,,,,Road Car,,,,,,,,,,,,,,,,,,,,,,
Championship,Pan-American Championship,,,,,,,,,700,,,USA,,,,,,,,,,,,,,,,,,,,,,,,,,Road Car,,,,,,,,,,,,,,,,,,,,,,
Championship,Petite Course de France,,,,,,,,,500,,,France,,,,,,,,,,,,,,,,,,,,,,,,,,Road Car,,,,,,,,,,,,,,,,,,,,,,
Championship,Tokyo Highway Parade,,,,,,,,,450,,,,,,,,,,,,,,,,,,,,,,,,,,,,,Road Car,,,,,,,,,,,,,,,,,,,,,,
Championship,Trial Mountain Cup,,,,,,,,,600,,,USA,,,,,,,,,,,,,,,,,,,,,,,,,,Road Car,,,,,,,,,,,,,,,,,,,,,,
Championship,World GT Series,,,,,,,,800,,,,,,,,,,,,,,,,,,,,,,,,,,,,,,,,,,,,,,,,,,,,,,,,,,,,
Championship,World Touring Car 600,,,,,,,,600,,,,,,,,,,,,,,,,,,,,,,,,,,,,,,,,,,,,,,,,,,,,,,,,,,,,
Championship,World Touring Car 700,,,,,,,,700,,,,,,,,,,,,,,,,,,,,,,,,,,,,,,,,,,,,,,,,,,,,,,,,,,,,
Circuit de Barcelona-Catalunya,European Sunday Cup 500,2,,,,,,,,500,,,UK,Germany,France,Italy,Austria,,,,,,,,,,,,,,,,,,,,,,Road Car,,,,,,,,,,,,,,,,,,,,,,
Circuit de Barcelona-Catalunya,Ferrari Circuit Challenge,5,,Ferrari,,,,,700,,,,,,,,,,,,,,,,,,,,,,,,,,,,,,,,,,,,,,,,,,,,,,,,,,,,
Circuit de Barcelona-Catalunya,Porsche Cup,5,,Porsche,,,,,650,,,,,,,,,,,,,,,,,,,,,,,,,,,,,,,,,,,,,,,,,,,,,,,,,,,,
Circuit de Barcelona-Catalunya,Schwarzwald League,5,,,,,,,700,,,,Germany,,,,,,,,,,,,,,,,,,,,,,,,,,,,,,,,,,,,,,,,,,,,,,,,
Circuit de Barcelona-Catalunya,World Rally Challenge Gr.B,8,,,,,,,700,,,Y,,,,,,,,,,,,,,,,,,,,,,,,,,,,,,,,,,,,,,,,,,,,,,,,,
Circuit de Barcelona-Catalunya,World Touring Car 600,6,,,,,,,600,,,Y,,,,,,,,,,,,,,,,,,,,,,,,,,,,,,,,,,,,,,,,,,,,,,,,,
Circuit de Barcelona-Catalunya,World Touring Car 800,10,,,,,,,800,,R,,,,,,,,,,,,,,,,,,,,,,,,,,,,,,,,,,,,,,,,,,,,,,,,,,
Circuit de Sainte-Croix,Gr.1 Prototype Series,8,,,,,,,950,,R,,,,,,,,,,,,,,,,,,,,,,,,,,,,,,,,,,,,,,,,,,,,,,,,,,
Circuit de Sainte-Croix,Hypercar Parade,3,,,,,,,,,,,,,,,,,,,,,,,,,,,,,,,,,,,,,Road Car,,,,,,,,,,,,,,,,,,,,,,
Circuit de Sainte-Croix,Race of Turbo Sportscars,4,,,,,,,700,,,,,,,,,,,,T,,,,,,,,,,,,,,,,,,,,,,,,,,,,,,,,,,,,,,,,
Circuit de Sainte-Croix,Schwarzwald League,4,,,,,,,700,,,,Germany,,,,,,,,,,,,,,,,,,,,,,,,,,,,,,,,,,,,,,,,,,,,,,,,
Circuit de Sainte-Croix,Super Formula,10,,Super Formula,,,,,,,R,,,,,,,,,,,,,,,,,,,,,,,,,,,,,,,,,,,,,,,,,,,,,,,,,,
Circuit de Spa-Francorchamps,European Sunday Cup 500,2,,,,,,,,500,,,UK,Germany,France,Italy,Austria,,,,,,,,,,,,,,,,,,,,,,Road Car,,,,,,,,,,,,,,,,,,,,,,
Circuit de Spa-Francorchamps,GT Cup Gr.3,5,,,,,,,,,R,,,,,,,,,,,,,,,,,,,,,,,,,,,Gr.3,Racing Car,,,,,,,,,,,,,,,,,,,,,,
Circuit de Spa-Francorchamps,Historic Sports Car Masters,3,,,,1960,1989,,580,,,,,,,,,,,,,,,,,,,,,,,,,,,,,,Road Car,,,,,,,,,,,,,,,,,,,,,,
Circuit de Spa-Francorchamps,Japanese Clubman Cup 550,3,,,,,,,,550,,,Japan,,,,,,,,,,,,,,,,,,,,,,,,,,Road Car,Professionally Tuned,,,,,,,,,,,,,,,,,,,,,
Circuit de Spa-Francorchamps,Porsche Cup,5,,Porsche,,,,,650,,,,,,,,,,,,,,,,,,,,,,,,,,,,,,,,,,,,,,,,,,,,,,,,,,,,
Circuit de Spa-Francorchamps,Quick Race vs. Sophy,3,,,,,,,,,,,,,,,,,,,,,,,,,,,,,,,,,,,,,,,,,,,,,,,,,,,,,,,,,,,
Circuit de Spa-Francorchamps,World Touring Car 600,4,,,,,,,600,,,,,,,,,,,,,,,,,,,,,,,,,,,,,,,,,,,,,,,,,,,,,,,,,,,,
Circuit de Spa-Francorchamps,World Touring Car 800,,60,,,,,,800,,R,,,,,,,,,,,,,,,,,,,,,,,,,,,,,,,,,,,,,,,,,,,,,,,,,,
Colorado Springs,Dirt Champions,3,,,,,,,,,,Y,,,,,,,,,,,,,,,,,,,,,,,,,,Gr.B,,,,,,,,,,,,,,,,,,,,,,,
Colorado Springs,Pickup Truck Race,3,,,,,,,,480,,Y,,,,,,,,,,,,,,,,,,,,,,,,,,,Road Car,,,,,,,,,,,,,,,,,,,Y,,,
Daytona International Speedway,American Clubman Cup 700,4,,,,,,,,700,,,USA,,,,,,,,,,,,,,,,,,,,,,,,,,Road Car,,,,,,,,,,,,,,,,,,,,,,
Daytona International Speedway,American Sunday Cup 600,3,,,,,,,,600,,,USA,,,,,,,,,,,,,,,,,,,,,,,,,,Road Car,,,,,,,,,,,,,,,,,,,,,,
Daytona International Speedway,Gr.1 Prototype Series,10,,,,,,,950,,R,,,,,,,,,,,,,,,,,,,,,,,,,,,,,,,,,,,,,,,,,,,,,,,,,,
Daytona International Speedway,GT Cup Gr.3,10,,,,,,,,,R,,,,,,,,,,,,,,,,,,,,,,,,,,,Gr.3,Racing Car,,,,,,,,,,,,,,,,,,,,,,
Daytona International Speedway,GT Cup Gr.3,7,,,,,,,,,R,,,,,,,,,,,,,,,,,,,,,,,,,,,Gr.3,,,,,,,,,,,,,,,,,,,,,,,
Daytona International Speedway,Pickup Truck Race,5,,,,,,,,450,,,,,,,,,,,,,,,,,,,,,,,,,,,,,Road Car,,,,,,,,,,,,,,,,,,,Y,,,
Daytona International Speedway,World Touring Car 800,10,,,,,,,800,,R,,,,,,,,,,,,,,,,,,,,,,,,,,,,,,,,,,,,,,,,,,,,,,,,,,
Deep Forest Raceway,European Sunday Cup 500,2,,,,,,,,500,,,UK,Germany,France,Italy,Austria,,,,,,,,,,,,,,,,,,,,,,Road Car,,,,,,,,,,,,,,,,,,,,,,
Deep Forest Raceway,GT Cup Gr.3,7,,,,,,,,,R,,,,,,,,,,,,,,,,,,,,,,,,,,,Gr.3,,,,,,,,,,,,,,,,,,,,,,,
Deep Forest Raceway,Nissan GT-R Cup,5,,,,,,,700,,,,,,,,,,,,,,,,,,,,,,,,,,,,,,,,,,,,,,,,,,,,,,,,,,,GT-R,
Deep Forest Raceway,Quick Race vs. Sophy,3,,,,,,,,,,,,,,,,,,,,,,,,,,,,,,,,,,,,,,,,,,,,,,,,,,,,,,,,,,,
Deep Forest Raceway,The Silvia Sisters,3,,,,,,,,500,,,,,,,,,,,,,,,,,,,,,,,,,,,,,,,,,,,,,,,,,,,,,,,,,,Silvia,
Deep Forest Raceway,Vision Gran Turismo Trophy,7,,,,,,,850,,,,,,,,,,,,,,,,,,,,,,,,,,,,,,,,,,Y,,,,,,,,,,,,,,,,,,
Deep Forest Raceway,World Touring Car 700,10,,,,,,,700,,R,,,,,,,,,,,,,,,,,,,,,,,,,,,,,,,,,,,,,,,,,,,,,,,,,,
Dragon Trail,European FR Challenge 550,3,,,,,,,,550,,,UK,Germany,France,Italy,Austria,,,FR,,,,,,,,,,,,,,,,,,,Road Car,,,,,,,,,,,,,,,,,,,,,,
Dragon Trail,Ferrari Circuit Challenge,5,,Ferrari,,,,,700,,,,,,,,,,,,,,,,,,,,,,,,,,,,,,,,,,,,,,,,,,,,,,,,,,,,
Dragon Trail,Hypercar Parade,6,,,,,,,,,,,,,,,,,,,,,,,,,,,,,,,,,,,,,Road Car,,,,,,,,,,,,,,,,,,,,,,
Dragon Trail,Nissan GT-R Cup,5,,,,,,,700,,,,,,,,,,,,,,,,,,,,,,,,,,,,,,,,,,,,,,,,,,,,,,,,,,,GT-R,
Dragon Trail,Race of Turbo Sportscars,5,,,,,,,700,,,,,,,,,,,,T,,,,,,,,,,,,,,,,,,,,,,,,,,,,,,,,,,,,,,,,
Dragon Trail,World Touring Car 700,10,,,,,,,700,,R,,,,,,,,,,,,,,,,,,,,,,,,,,,,,,,,,,,,,,,,,,,,,,,,,,
Dragon Trail,World Touring Car 800,10,,,,,,,800,,R,,,,,,,,,,,,,,,,,,,,,,,,,,,,,,,,,,,,,,,,,,,,,,,,,,
Dragon Trail,X2019 Nations Cup,14,,,,,,,,,R,,,,,,,,,,,,,,,,,,,,,,,,,,,,,,,,,,,,,,,,,,,,,,,,,X2019,
Fishermans Ranch,Dirt Champions,1,,,,,,,,,,Y,,,,,,,,,,,,,,,,,,,,,,,,,,Gr.B,,,,,,,,,,,,,,,,,,,,,,,
Fishermans Ranch,Japanese 4WD Challenge 600,1,,,,,,,,600,,Y,Japan,,,,,,,4WD,,,,,,,,,,,,,,,,,,,Road Car,Professionally Tuned,,,,,,,,,,,,,,,,,,,,,
Fishermans Ranch,World Rally Challenge,2,,,,,,,700,,,Y,,,,,,,,,,,,,,,,,,,,,,,,,,,,,,,,,,,,,,,,,,,,,,,,,
Fuji International Speedway,Clubman Cup Plus,5,,,,,,,700,,R,,,,,,,,,,,,,,,,,,,,,,,,,,,,,,,,,,,,,,,,,,,,,,,,,,
Fuji International Speedway,Gr.1 Prototype Series,10,,,,,,,950,,R,,,,,,,,,,,,,,,,,,,,,,,,,,,,,,,,,,,,,,,,,,,,,,,,,,
Fuji International Speedway,Japanese Clubman Cup 550,3,,,,,,,,550,,,Japan,,,,,,,,,,,,,,,,,,,,,,,,,,Road Car,Professionally Tuned,,,,,,,,,,,,,,,,,,,,,
Fuji International Speedway,Neo-Classic Competition,10,,,,1980,1999,,800,,R,,,,,,,,,,,,,,,,,,,,,,,,,,,,,,,,,,,,,,,,,,,,,,,,,,
Fuji International Speedway,Super Formula,15,,Super Formula,,,,,,,R,,,,,,,,,,,,,,,,,,,,,,,,,,,,,,,,,,,,,,,,,,,,,,,,,,
Fuji International Speedway,World Touring Car 800,10,,,,,,,800,,R,,,,,,,,,,,,,,,,,,,,,,,,,,,,,,,,,,,,,,,,,,,,,,,,,,
Goodwood,Clubman Cup Plus,2,,,Cooper 'S' '65,,,,350,,S,,,,,,,,,,,,,,,,,,,,,,,,,,,,,,,,,,,,,,,,,,,,,,,,,,
Goodwood,Historic Sports Car Masters,5,,,,1960,1989,,580,,,,,,,,,,,,,,,,,,,,,,,,,,,,,,Road Car,,,,,,,,,,,,,,,,,,,,,,
Goodwood,Sunday Cup Classic,2,,,,,,,,350,,,,,,,,,,,,,,,,,,,,,,,,,,,,,Road Car,,,,,,,,,,,,,,,,,,,,,,
Grand Valley - Highway 1,American Sunday Cup 600,3,,,,,,,,600,,,USA,,,,,,,,,,,,,,,,,,,,,,,,,,Road Car,,,,,,,,,,,,,,,,,,,,,,
Grand Valley - Highway 1,Gr.1 Prototype Series,10,,,,,,,950,,,,,,,,,,,,,,,,,,,,,,,,,,,,,,,,,,,,,,,,,,,,,,,,,,,,
Grand Valley - Highway 1,Historic Sports Car Masters,5,,,,1960,1989,,580,,,,,,,,,,,,,,,,,,,,,,,,,,,,,,Road Car,,,,,,,,,,,,,,,,,,,,,,
Grand Valley - Highway 1,Japanese Clubman Cup 550,4,,,,,,,,550,,,Japan,,,,,,,,,,,,,,,,,,,,,,,,,,Road Car,Professionally Tuned,,,,,,,,,,,,,,,,,,,,,
Grand Valley - Highway 1,Quick Race vs. Sophy,3,,,,,,,,,,,,,,,,,,,,,,,,,,,,,,,,,,,,,,,,,,,,,,,,,,,,,,,,,,,
Grand Valley - Highway 1,Race of Turbo Sportscars,5,,,,,,,700,,,,,,,,,,,,T,,,,,,,,,,,,,,,,,,,,,,,,,,,,,,,,,,,,,,,,
Grand Valley - Highway 1,World Touring Car 600,5,,,,,,,600,,,,,,,,,,,,,,,,,,,,,,,,,,,,,,,,,,,,,,,,,,,,,,,,,,,,
High Speed Ring,American Clubman Cup 700,5,,,,,,,,700,,,USA,,,,,,,,,,,,,,,,,,,,,,,,,,Road Car,Professionally Tuned,,,,,,,,,,,,,,,,,,,,,
High Speed Ring,Clubman Cup Plus,3,,,,,,,550,,S,,,,,,,,,,,,,,,,,,,,,,,,,,,,Road Car,Professionally Tuned,,,,,,,,,,,,,,,,,,,,,
High Speed Ring,GT Cup Gr.4,5,,,,,,,,,R,,,,,,,,,,,,,,,,,,,,,,,,,,,Gr.4,Racing Car,,,,,,,,,,,,,,,,,,,,,,
High Speed Ring,Japanese FF Challenge 450,2,,,,,,,,450,,,Japan,,,,,,,FF,,,,,,,,,,,,,,,,,,,Road Car,,,,,,,,,,,,,,,,,,,,,,
High Speed Ring,Japanese FR Challenge 450,2,,,,,,,,450,,,Japan,,,,,,,FR,,,,,,,,,,,,,,,,,,,Road Car,,,,,,,,,,,,,,,,,,,,,,
High Speed Ring,World Touring Car 800,20,,,,,,,800,,R,,,,,,,,,,,,,,,,,,,,,,,,,,,,,,,,,,,,,,,,,,,,,,,,,,
High Speed Ring,Schwarzwald League,5,,,,,,,700,,,,Germany,,,,,,,,,,,,,,,,,,,,,,,,,,,,,,,,,,,,,,,,,,,,,,,,
Kyoto Driving Park,Hypercar Parade,4,,,,,,,,,,,,,,,,,,,,,,,,,,,,,,,,,,,,,Road Car,,,,,,,,,,,,,,,,,,,,,,
Kyoto Driving Park,Japanese 4WD Challenge 600,2,,,,,,,,600,,,Japan,,,,,,,4WD,,,,,,,,,,,,,,,,,,,Road Car,Professionally Tuned,,,,,,,,,,,,,,,,,,,,,
Kyoto Driving Park,Porsche Cup,5,,Porsche,,,,,650,,,,,,,,,,,,,,,,,,,,,,,,,,,,,,,,,,,,,,,,,,,,,,,,,,,,
Kyoto Driving Park,Vision Gran Turismo Trophy,7,,,,,,,850,,,,,,,,,,,,,,,,,,,,,,,,,,,,,,,,,,Y,,,,,,,,,,,,,,,,,,
Lake Louise,Japanese 4WD Challenge 600,4,,,,,,,,600,,Y,Japan,,,,,,,4WD,,,,,,,,,,,,,,,,,,,Road Car,Professionally Tuned,,,,,,,,,,,,,,,,,,,,,
Lake Louise,Jimny Cup,3,,Suzuki,Jimny XC '18,,,,,,,Y,,,,,,,,,,,,,,,,,,,,,,,,,,,,,,,,,,,,,,,,,,,,,,,,,
Lake Louise,Pickup Truck Race,5,,,,,,,,480,,Y,,,,,,,,,,,,,,,,,,,,,,,,,,,Road Car,,,,,,,,,,,,,,,,,,,Y,,,
Lake Louise,World Rally Challenge Gr.B,4,,,,,,,,,,Y,,,,,,,,,,,,,,,,,,,,,,,,,,Gr.B,Racing Car,,,,,,,,,,,,,,,,,,,,,,
Michelin Raceway Road Atlanta,American FR Challenge 550,3,,,,,,,,550,,,USA,,,,,,,FR,,,,,,,,,,,,,,,,,,,Road Car,,,,,,,,,,,,,,,,,,,,,,
Michelin Raceway Road Atlanta,American Sunday Cup 600,3,,,,,,,,600,,,USA,,,,,,,,,,,,,,,,,,,,,,,,,,Road Car,,,,,,,,,,,,,,,,,,,,,,
Michelin Raceway Road Atlanta,Gr.1 Prototype Series,,30,,,,,,700,,R,,,,,,,,,,,,,,,,,,,,,,,,,,,,,,,,,,,,,,,,,,,,,,,,,,
Michelin Raceway Road Atlanta,Quick Race vs. Sophy,3,,,,,,,,,,,,,,,,,,,,,,,,,,,,,,,,,,,,,,,,,,,,,,,,,,,,,,,,,,,
Michelin Raceway Road Atlanta,Race of Turbo Sportscars,5,,,,,,,700,,,,,,,,,,,,T,,,,,,,,,,,,,,,,,,,,,,,,,,,,,,,,,,,,,,,,
Michelin Raceway Road Atlanta,Super Formula,15,,Super Formula,,,,,,,R,,,,,,,,,,,,,,,,,,,,,,,,,,,,,,,,,,,,,,,,,,,,,,,,,,
Mount Panorama Circuit,American Clubman Cup 700,5,,,,,,,,700,,,USA,,,,,,,,,,,,,,,,,,,,,,,,,,Road Car,,,,,,,,,,,,,,,,,,,,,,
Mount Panorama Circuit,GT Cup Gr.3,10,,,,,,,,,R,,,,,,,,,,,,,,,,,,,,,,,,,,,Gr.3,,,,,,,,,,,,,,,,,,,,,,,
Mount Panorama Circuit,Japanese 4WD Challenge 600,2,,,,,,,,600,,,Japan,,,,,,,4WD,,,,,,,,,,,,,,,,,,,Road Car,Professionally Tuned,,,,,,,,,,,,,,,,,,,,,
Mount Panorama Circuit,World Touring Car 700,7,,,,,,,700,,R,,,,,,,,,,,,,,,,,,,,,,,,,,,,,,,,,,,,,,,,,,,,,,,,,,
Northern Isle Speedway,Sunday Cup,5,,,,,,,,380,,,,,,,,,,,,,,,,,,,,,,,,,,,,,Road Car,,,,,,,,,,,,,,,,,,,,,,
Nurburgring,European Clubman Cup 600,2,,,,,,,,600,,,UK,Germany,France,Italy,Austria,,,,,,,,,,,,,,,,,,,,,,Road Car,,,,,,,,,,,,,,,,,,,,,,
Nurburgring,Historic Sports Car Masters,1,,,,1960,1989,,580,,,,,,,,,,,,,,,,,,,,,,,,,,,,,,Road Car,,,,,,,,,,,,,,,,,,,,,,
Nurburgring,Japanese 4WD Challenge 600,3,,,,,,,,600,,,Japan,,,,,,,4WD,,,,,,,,,,,,,,,,,,,Road Car,Professionally Tuned,,,,,,,,,,,,,,,,,,,,,
Nurburgring,Porsche Cup,1,,Porsche,,,,,650,,,,,,,,,,,,,,,,,,,,,,,,,,,,,,,,,,,,,,,,,,,,,,,,,,,,
Nurburgring,Schwarzwald League,1,,,,,,,700,,,,Germany,,,,,,,,,,,,,,,,,,,,,,,,,,,,,,,,,,,,,,,,,,,,,,,,
Nurburgring,World Touring Car 600,5,,,,,,,600,,,,,,,,,,,,,,,,,,,,,,,,,,,,,,,,,,,,,,,,,,,,,,,,,,,,
Nurburgring,World Touring Car 800,3,,,,,,,800,,R,,,,,,,,,,,,,,,,,,,,,,,,,,,,,,,,,,,,,,,,,,,,,,,,,,
Nurburgring,World Touring Car 900,10,,,,,,,900,,,,,,,,,,,,,,,,,,,,,,,,,,,,,,,,,,,,,,,,,,,,,,,,,,,,
Nürburgring,European FR Challenge 550,2,,,,,,,,550,,,UK,Germany,France,Italy,Austria,,,FR,,,,,,,,,,,,,,,,,,,Road Car,,,,,,,,,,,,,,,,,,,,,,
Red Bull Ring,European FR Challenge 550,3,,,,,,,,550,,,UK,Germany,France,Italy,Austria,,,FR,,,,,,,,,,,,,,,,,,,Road Car,,,,,,,,,,,,,,,,,,,,,,
Red Bull Ring,GT Cup Gr.3,7,,,,,,,,,R,,,,,,,,,,,,,,,,,,,,,,,,,,,Gr.3,,,,,,,,,,,,,,,,,,,,,,,
Red Bull Ring,Hypercar Parade,6,,,,,,,,,,,,,,,,,,,,,,,,,,,,,,,,,,,,,Road Car,,,,,,,,,,,,,,,,,,,,,,
Red Bull Ring,Japanese 4WD Challenge 600,3,,,,,,,,600,,,Japan,,,,,,,4WD,,,,,,,,,,,,,,,,,,,Road Car,Professionally Tuned,,,,,,,,,,,,,,,,,,,,,
Red Bull Ring,Neo-Classic Competition,10,,,,1980,1999,,800,,R,,,,,,,,,,,,,,,,,,,,,,,,,,,,,,,,,,,,,,,,,,,,,,,,,,
Red Bull Ring,Quick Race vs. Sophy,3,,,,,,,,,,,,,,,,,,,,,,,,,,,,,,,,,,,,,,,,,,,,,,,,,,,,,,,,,,,
Red Bull Ring,World Touring Car 700,10,,,,,,,700,,R,,,,,,,,,,,,,,,,,,,,,,,,,,,,,,,,,,,,,,,,,,,,,,,,,,
Sardegna - Road Track,European Clubman Cup 600,3,,,,,,,,600,,,UK,Germany,France,Italy,Austria,,,,,,,,,,,,,,,,,,,,,,Road Car,,,,,,,,,,,,,,,,,,,,,,
Sardegna - Road Track,European Sunday Cup 400,2,,,,,,,,400,,,UK,Germany,France,Italy,Austria,,,,,,,,,,,,,,,,,,,,,,Road Car,,,,,,,,,,,,,,,,,,,,,,
Sardegna - Road Track,European Sunday Cup 500,2,,,,,,,,500,,,UK,Germany,France,Italy,Austria,,,,,,,,,,,,,,,,,,,,,,Road Car,,,,,,,,,,,,,,,,,,,,,,
Sardegna - Road Track,World Touring Car 800,15,,,,,,,800,,R,,,,,,,,,,,,,,,,,,,,,,,,,,,,,,,,,,,,,,,,,,,,,,,,,,
Sardegna - Road Track,X2019 Nations Cup,13,,,,,,,,,R,,,,,,,,,,,,,,,,,,,,,,,,,,,,,,,,,,,,,,,,,,,,,,,,,X2019,
Sardegna - Windmills,Dirt Champions,3,,,,,,,,,,Y,,,,,,,,,,,,,,,,,,,,,,,,,,Gr.B,,,,,,,,,,,,,,,,,,,,,,,
Sardegna - Windmills,Jimny Cup,2,,Suzuki,Jimny XC '18,,,,,,,Y,,,,,,,,,,,,,,,,,,,,,,,,,,,,,,,,,,,,,,,,,,,,,,,,,
Sardegna - Windmills,World Rally Challenge,5,,,,,,,700,,,Y,,,,,,,,,,,,,,,,,,,,,,,,,,,,,,,,,,,,,,,,,,,,,,,,,
Special Stage Route X,American Clubman Cup 700,1,,,,,,,,700,,,USA,,,,,,,,,,,,,,,,,,,,,,,,,,Road Car,,,,,,,,,,,,,,,,,,,,,,
Special Stage Route X,Clubman Cup Plus,1,,,,,,,720,,SS,,,,,,,,,,,,,788,,,,,,,,,,,,,,,Road Car,Professionally Tuned,,,,,,,,,,,,,,,,,,,,,
Suzuka Circuit,Gr.1 Prototype Series,10,,,,,,,950,,R,,,,,,,,,,,,,,,,,,,,,,,,,,,,,,,,,,,,,,,,,,,,,,,,,,
Suzuka Circuit,GT Cup Gr.3,5,,,,,,,,,R,,,,,,,,,,,,,,,,,,,,,,,,,,,Gr.3,Racing Car,,,,,,,,,,,,,,,,,,,,,,
Suzuka Circuit,Japanese FF Challenge 450,3,,,,,,,450,,,,Japan,,,,,,,FF,,,,,,,,,,,,,,,,,,,Road Car,,,,,,,,,,,,,,,,,,,,,,
Suzuka Circuit,Quick Race vs. Sophy,3,,,,,,,,,,,,,,,,,,,,,,,,,,,,,,,,,,,,,,,,,,,,,,,,,,,,,,,,,,,
Suzuka Circuit,Race of Turbo Sportscars,5,,,,,,,700,,,,,,,,,,,,T,,,,,,,,,,,,,,,,,,,,,,,,,,,,,,,,,,,,,,,,
Suzuka Circuit,World Touring Car 800,10,,,,,,,800,,R,,,,,,,,,,,,,,,,,,,,,,,,,,,,,,,,,,,,,,,,,,,,,,,,,,
Suzuka Circuit,World Touring Car 900,10,,,,,,,900,,,,,,,,,,,,,,,,,,,,,,,,,,,,,,,,,,,,,,,,,,,,,,,,,,,,
Suzuka Circuit,European Clubman Cup 600,3,,,,,,,,600,,,UK,Germany,France,Italy,Austria,,,,,,,,,,,,,,,,,,,,,,Road Car,,,,,,,,,,,,,,,,,,,,,,
Tokyo Expressway,Clubman Cup Plus,5,,,,,,,550,,S,,,,,,,,,,,,,,,,,,,,,,,,,,,,Road Car,Professionally Tuned,,,,,,,,,,,,,,,,,,,,,
Tokyo Expressway,Japanese 4WD Challenge 600,2,,,,,,,,600,,,Japan,,,,,,,4WD,,,,,,,,,,,,,,,,,,,Road Car,Professionally Tuned,,,,,,,,,,,,,,,,,,,,,
Tokyo Expressway,Japanese Clubman Cup 550,3,,,,,,,,550,,,Japan,,,,,,,,,,,,,,,,,,,,,,,,,,Road Car,Professionally Tuned,,,,,,,,,,,,,,,,,,,,,
Tokyo Expressway,Japanese FR Challenge 450,2,,,,,,,,450,,,Japan,,,,,,,,,,,,,,,,,,,,,,,,,,Road Car,,,,,,,,,,,,,,,,,,,,,,
Tokyo Expressway,Lightweight K-Cup,3,,,,,,,400,,CS,,,,,,,,,,,,,,,,,,,,,,,,,,,,,,,,,,,Y,,,,,,,,,,,,,,,
Tokyo Expressway,Nissan GT-R Cup,4,,,,,,,700,,,,,,,,,,,,,,,,,,,,,,,,,,,,,,,,,,,,,,,,,,,,,,,,,,,GT-R,
Tokyo Expressway,The Silvia Sisters,3,,,,,,,,500,,,,,,,,,,,,,,,,,,,,,,,,,,,,,,,,,,,,,,,,,,,,,,,,,,Silvia,
Tokyo Expressway,Vision Gran Turismo Trophy,5,,,,,,,850,,,,,,,,,,,,,,,,,,,,,,,,,,,,,,,,,,Y,,,,,,,,,,,,,,,,,,
Tokyo Expressway,World Rally Challenge Gr.B,10,,,,,,,,,R,,,,,,,,,,,,,,,,,,,,,,,,,,,Gr.B,Racing Car,,,,,,,,,,,,,,,,,,,,,,
Tokyo Expressway,World Touring Car 600 (12),12,,,,,,,600,,,,,,,,,,,,,,,,,,,,,,,,,,,,,,,,,,,,,,,,,,,,,,,,,,,,
Tokyo Expressway,World Touring Car 600 (5),5,,,,,,,600,,,,,,,,,,,,,,,,,,,,,,,,,,,,,,,,,,,,,,,,,,,,,,,,,,,,
Tokyo Expressway,World Touring Car 800,10,,,,,,,800,,R,,,,,,,,,,,,,,,,,,,,,,,,,,,,,,,,,,,,,,,,,,,,,,,,,,
Trial Mountain Circuit,American Clubman Cup 700,5,,,,,,,,700,,,USA,,,,,,,,,,,,,,,,,,,,,,,,,,Road Car,,,,,,,,,,,,,,,,,,,,,,
Trial Mountain Circuit,Hypercar Parade,5,,,,,,,,,,,,,,,,,,,,,,,,,,,,,,,,,,,,,Road Car,,,,,,,,,,,,,,,,,,,,,,
Trial Mountain Circuit,Japanese 4WD Challenge 600,2,,,,,,,,600,,,Japan,,,,,,,4WD,,,,,,,,,,,,,,,,,,,Road Car,Professionally Tuned,,,,,,,,,,,,,,,,,,,,,
Trial Mountain Circuit,World Rally Challenge Gr.B,10,,,,,,,,,R,,,,,,,,,,,,,,,,,,,,,,,,,,,Gr.B,Racing Car,,,,,,,,,,,,,,,,,,,,,,
Trial Mountain Circuit,World Touring Car 900,10,,,,,,,900,,,,,,,,,,,,,,,,,,,,,,,,,,,,,,,,,,,,,,,,,,,,,,,,,,,,
Trial Mountain Circuit,X2019 Nations Cup,14,,,,,,,,,R,,,,,,,,,,,,,,,,,,,,,,,,,,,,,,,,,,,,,,,,,,,,,,,,,X2019,
Tsukuba Circuit,Clubman Cup Plus,5,,,,,,,550,,S,,,,,,,,,,,,,,,,,,,,,,,,,,,,Road Car,Professionally Tuned,,,,,,,,,,,,,,,,,,,,,
Tsukuba Circuit,Japanese FF Challenge 450,2,,,,,,,,450,,,Japan,,,,,,,FF,,,,,,,,,,,,,,,,,,,,,,,,,,,,,,,,,,,,,,,,,
Tsukuba Circuit,Japanese FR Challenge 450,3,,,,,,,,450,,,Japan,,,,,,,FR,,,,,,,,,,,,,,,,,,,,,,,,,,,,,,,,,,,,,,,,,
Tsukuba Circuit,Quick Race vs. Sophy,3,,,,,,,,,,,,,,,,,,,,,,,,,,,,,,,,,,,,,,,,,,,,,,,,,,,,,,,,,,,
Tsukuba Circuit,The Silvia Sisters,3,,,,,,,,500,,,,,,,,,,,,,,,,,,,,,,,,,,,,,,,,,,,,,,,,,,,,,,,,,,Silvia,
Tsukuba Circuit,Sunday Cup Classic,3,,,,,,,,350,,,,,,,,,,,,,,,,,,,,,,,,,,,,,Road Car,,,,,,,,,,,,,,,,,,,,,,
Watkins Glen International,American Clubman Cup 700,5,,,,,,,,700,,,USA,,,,,,,,,,,,,,,,,,,,,,,,,,Road Car,,,,,,,,,,,,,,,,,,,,,,
Watkins Glen International,American FR Challenge 550,3,,,,,,,,550,,,USA,,,,,,,FR,,,,,,,,,,,,,,,,,,,Road Car,,,,,,,,,,,,,,,,,,,,,,
Watkins Glen International,Clubman Cup Plus,4,,,,,,,600,,SS,,,,,,,,,,,,,,,,,,,,,,,,,,,,,,,,,,,,,,,,,,,,,,,,,,
Watkins Glen International,Super Formula,12,,Super Formula,,,,,,,R,,,,,,,,,,,,,,,,,,,,,,,,,,,,,,,,,,,,,,,,,,,,,,,,,,
Watkins Glen International,World Touring Car 800,10,,,,,,,800,,R,,,,,,,,,,,,,,,,,,,,,,,,,,,,,,,,,,,,,,,,,,,,,,,,,,
Weathertech Raceway Laguna Seca,American Clubman Cup 700,5,,,,,,,,700,,,USA,,,,,,,,,,,,,,,,,,,,,,,,,,Road Car,,,,,,,,,,,,,,,,,,,,,,
Weathertech Raceway Laguna Seca,American FR Challenge 550,2,,,,,,,,550,,,USA,,,,,,,FR,,,,,,,,,,,,,,,,,,,Road Car,,,,,,,,,,,,,,,,,,,,,,
Weathertech Raceway Laguna Seca,Quick Race vs. Sophy,3,,,,,,,,,,,,,,,,,,,,,,,,,,,,,,,,,,,,,,,,,,,,,,,,,,,,,,,,,,,
Weathertech Raceway Laguna Seca,Sunday Cup Classic,2,,,,,,,,350,,,,,,,,,,,,,,,,,,,,,,,,,,,,,Road Car,,,,,,,,,,,,,,,,,,,,,,
Weathertech Raceway Laguna Seca,World Touring Car 700,10,,,,,,,700,,R,,,,,,,,,,,,,,,,,,,,,,,,,,,,,,,,,,,,,,,,,,,,,,,,,,
Weathertech Raceway Laguna Seca,Japanese Clubman Cup 550,3,,,,,,,,550,,,Japan,,,,,,,,,,,,,,,,,,,,,,,,,,Road Car,Professionally Tuned,,,,,,,,,,,,,,,,,,,,,
Willow Springs International Raceway,American FR Challenge 550,2,,,,,,,,550,,,USA,,,,,,,FR,,,,,,,,,,,,,,,,,,,Road Car,,,,,,,,,,,,,,,,,,,,,,
Willow Springs International Raceway,American Sunday Cup 600,3,,,,,,,,600,,,USA,,,,,,,,,,,,,,,,,,,,,,,,,,Road Car,,,,,,,,,,,,,,,,,,,,,,
Willow Springs International Raceway,Historic Sports Car Masters,5,,,,1960,1989,,580,,,,,,,,,,,,,,,,,,,,,,,,,,,,,,Road Car,,,,,,,,,,,,,,,,,,,,,,
Willow Springs International Raceway,Jimny Cup,4,,Suzuki,Jimny XC '18,,,,,,,,,,,,,,,,,,,,,,,,,,,,,,,,,,,,,,,,,,,,,,,,,,,,,,,,
Willow Springs International Raceway,Lightweight K-Cup,5,,,,,,,400,,CS,,,,,,,,,,,,,,,,,,,,,,,,,,,,,,,,,,,Y,,,,,,,,,,,,,,,
Willow Springs International Raceway,Neo-Classic Competition,10,,,,1980,1999,,800,,R,,,,,,,,,,,,,,,,,,,,,,,,,,,,,,,,,,,,,,,,,,,,,,,,,,
Willow Springs International Raceway,Pickup Truck Race,3,,,,,,,,450,,,,,,,,,,,,,,,,,,,,,,,,,,,,,Road Car,,,,,,,,,,,,,,,,,,,Y,,,
Willow Springs International Raceway,The Silvia Sisters,3,,,,,,,,500,,,,,,,,,,,,,,,,,,,,,,,,,,,,,,,,,,,,,,,,,,,,,,,,,,Silvia,
Willow Springs International Raceway,World Rally Challenge Gr.B,10,,,,,,,,,R,,,,,,,,,,,,,,,,,,,,,,,,,,,Gr.B,Racing Car,,,,,,,,,,,,,,,,,,,,,,